{
  "nextId": 10,
  "lancamentos": [
    {
      "id": 1,
      "valor": 1000,
      "categoria": "Salário",
      "data": "05/08/2020"
    },
    {
      "id": 2,
      "valor": -200,
      "categoria": "Supermercado",
      "data": "05/08/2020"
    },
    {
      "id": 3,
      "valor": -200,
      "categoria": "Supermercado",
      "data": "05/08/2020"
    },
    {
      "id": 4,
      "valor": 1200,
      "categoria": "Salário",
      "data": "05/08/2020"
    },
    {
      "id": 5,
      "valor": -150,
      "categoria": "Supermercado",
      "data": "05/08/2020"
    },
    {
      "id": 6,
      "valor": 1000,
      "categoria": "Salário",
      "data": "05/08/2020"
    },
    {
      "id": 7,
      "valor": 1000,
      "categoria": "Salário",
      "data": "05/08/2020"
    },
    {
      "id": 8,
      "valor": 1000,
      "categoria": "Salário",
      "data": "05/09/2020"
    },
    {
      "id": 9,
      "valor": -150,
      "categoria": "Supermercado",
      "data": "05/09/2020"
    }
  ]
}